box_office,film_actor,film_director,film_name,film_theme,img,release_time,score
6.91亿,"本·阿弗莱克,亨利·卡维尔,盖尔·加朵,杰森·莫玛",扎克·施奈德,正义联盟,"动作,冒险,科幻",https://p1.meituan.net/movie/8798032469af2faf18e531f7cdedc39e998644.jpg@464w_644h_1e_1c,2017-11-17,8.6
12.99亿,"Aamir,沙克希·坦沃,法缇玛·萨那·纱卡,桑亚·玛荷塔",涅提·蒂瓦里,摔跤吧！爸爸,"喜剧,动作,家庭",https://p0.meituan.net/movie/aeb864fa21d578d845b9cefc056e40cb2874891.jpg@464w_644h_1e_1c,2017-05-05,9.8
12.12亿,"阿德里安·莫利纳,安东尼·冈萨雷斯,本杰明·布拉特,盖尔·加西亚·贝纳尔",李·昂克里奇,寻梦环游记,"动画,冒险,家庭",https://p1.meituan.net/movie/14f9018b371d94dd812772704613babd475457.jpg@464w_644h_1e_1c,2017-11-24,9.6
22.13亿,"张吃鱼,艾伦,马丽,沈腾",宋阳,羞羞的铁拳,"喜剧,奇幻",https://p0.meituan.net/movie/6118ed91ab345f18fa6ccd3997b5ac071016155.jpg@464w_644h_1e_1c,2017-09-30,9.1
3.14亿,"詹妮弗·劳伦斯,克里斯·帕拉特,麦克·辛,劳伦斯·菲什伯恩",莫滕·泰杜姆,太空旅客,"爱情,冒险,科幻",https://p0.meituan.net/movie/7ae30c6d40be91a19b84024ebbed52a7232325.jpg@464w_644h_1e_1c,2017-01-13,8.5
15.51亿,"马克·沃尔伯格,安东尼·霍普金斯,乔什·杜哈明,劳拉·哈德克",迈克尔·贝,变形金刚5：最后的骑士,"动作,冒险,科幻",https://p1.meituan.net/movie/ca0ac960ba900395084960270b5b0ad9790739.jpg@464w_644h_1e_1c,2017-06-23,7.5
19.42亿,"韩庚,郑恺,于文文,曾梦雪",田羽生,前任3：再见前任,"喜剧,爱情",https://p1.meituan.net/movie/b550ee8f2d4192015073fc878b141161336659.jpg@464w_644h_1e_1c,2017-12-29,9.2
1.03亿,"何润东,黄子韬,古力娜扎,王学圻",高希希,游戏规则,"剧情,动作",https://p0.meituan.net/movie/a330500287086bb1c1004b252e7002c0347382.jpg@464w_644h_1e_1c,2017-02-10,7.6
7.44亿,"克里斯·海姆斯沃斯,凯特·布兰切特,汤姆·希德勒斯顿,马克·鲁法洛",塔伊加·维迪提,雷神3：诸神黄昏,"动作,冒险,奇幻",https://p0.meituan.net/movie/f2e7911c6915c42d19700234b7608dd7437140.jpg@464w_644h_1e_1c,2017-11-03,8.9
26.71亿,"范·迪塞尔,杰森·斯坦森,道恩·强森,米歇尔·罗德里格兹",F·加里·格雷,速度与激情8,"动作,惊悚,犯罪",https://p0.meituan.net/movie/9f61bf914c6881b4d1d297ddef796a62207111.jpg@464w_644h_1e_1c,2017-04-14,9.3
56.83亿,"吴京,弗兰克·格里罗,吴刚,张翰",吴京,战狼2,"动作,战争",https://p0.meituan.net/movie/2328ab4f26258506955f70ccd9120c14367146.jpg@464w_644h_1e_1c,2017-07-27,9.7
7.75亿,"汤姆·赫兰德,迈克尔·基顿,小罗伯特·唐尼,玛丽莎·托梅",乔·沃茨,蜘蛛侠：英雄归来,"动作,冒险,科幻",https://p1.meituan.net/movie/4871b40136f0dbb316605ed3ec4333db497541.jpg@464w_644h_1e_1c,2017-09-08,8.2
6.10亿,"盖尔·加朵,克里斯·派恩,罗宾·怀特,丹尼·休斯顿",派蒂·杰金斯,神奇女侠,"动作,冒险,奇幻",https://p1.meituan.net/movie/d980b5a1b852d32fa482791583ca1a59335078.jpg@464w_644h_1e_1c,2017-06-02,8.6
4.04亿,"刘烨,朱亚文,黄志忠,王景春",刘伟强,建军大业,"剧情,历史",https://p0.meituan.net/movie/e2807e23064278d4a279a7ac6b87dea5382527.jpg@464w_644h_1e_1c,2017-07-27,9.1
11.59亿,"汤姆·希德勒斯顿,塞缪尔·杰克逊,约翰·古德曼,布丽·拉尔森",乔丹·沃格特-罗伯茨,金刚：骷髅岛,"动作,冒险,奇幻",https://p1.meituan.net/movie/7678255f991de7c1e8a7ad97bff7278d265086.jpg@464w_644h_1e_1c,2017-03-24,8.3
1.07亿,"王学圻,陈瑾,墨阳,陈西贝",苗月,十八洞村,剧情,https://p1.meituan.net/movie/b58ef9e2f075884bbd305e7577bfd78f450029.jpg@464w_644h_1e_1c,2017-10-13,8.4
4.74亿,"科林·费斯,塔伦·埃格顿,朱丽安·摩尔,马克·斯特朗",马修·沃恩,王牌特工2：黄金圈,"动作,冒险,喜剧",https://p1.meituan.net/movie/8032e4157e1fb1f6cdb52fcc37698c074599808.jpg@464w_644h_1e_1c,2017-10-20,8.7
4099万,"侯勇,大张伟,金晨,曲哲明",王巍,钢铁飞龙之再见奥特曼,"动画,动作,科幻",https://p1.meituan.net/movie/9f3d8ed14090657c32eac8dd5934afa51015511.jpg@464w_644h_1e_1c,2017-10-01,7.9
7866万,"武内宣之,广濑铃,菅田将晖,松隆子",新房昭之,烟花,"爱情,动画,奇幻",https://p0.meituan.net/movie/75831109d66ad03038d7bb3a30eca9b4269142.jpg@464w_644h_1e_1c,2017-12-01,5.6
11.09亿,"米拉·乔沃维奇,伊恩·格雷,艾丽·拉特,鲁比·罗丝",保罗·安德森,生化危机：终章,"动作,惊悚,科幻",https://p1.meituan.net/movie/f2c42c3bb14aa32726e5e6f42783a5945961833.jpeg@464w_644h_1e_1c,2017-02-24,8.5
266万,"殷果儿,刘小奇,闫薇儿,宋嘉豪",陆诗雷,恐怖电影院2,"恐怖,惊悚",https://p0.meituan.net/movie/913ab2bb77e596faac6e5f5e3831c8a9255571.jpg@464w_644h_1e_1c,2017-10-20,4.8
5.30亿,"黄轩,染谷将太,张雨绮,秦昊",陈凯歌,妖猫传,"爱情,奇幻",https://p0.meituan.net/movie/1dd4a1544f793030519c71899d61e1c0336096.jpg@464w_644h_1e_1c,2017-12-22,7.5
6.86亿,"克里斯·帕拉特,佐伊·索尔达娜,戴夫·巴蒂斯塔,范·迪塞尔",詹姆斯·古恩,银河护卫队2,"动作,冒险,科幻",https://p0.meituan.net/movie/02dee08ca4cd10b99a80986eef23d5be419798.jpg@464w_644h_1e_1c,2017-05-05,9.1
14.23亿,"黄轩,苗苗,钟楚曦,杨采钰",冯小刚,芳华,"剧情,爱情,战争",https://p0.meituan.net/movie/9e4ace8e8aa4499b4d75bb894c4ece39241238.jpg@464w_644h_1e_1c,2017-12-15,9.0
7.30亿,"休·杰克曼,帕特里克·斯图尔特,达芙妮·基恩,波伊德·霍布鲁克",詹姆斯·曼高德,金刚狼3：殊死一战,"动作,冒险,科幻",https://p1.meituan.net/movie/0b7cc256954866593a8e79009acade71487726.jpg@464w_644h_1e_1c,2017-03-03,8.6
11.80亿,"艾斯彭·山德伯格,约翰尼·德普,哈维尔·巴登,布兰顿·思怀兹",乔阿吉姆·罗恩尼,加勒比海盗5：死无对证,"喜剧,动作,奇幻",https://p1.meituan.net/movie/4c28a03ca31e8545dee276443a4e0a5e417054.jpg@464w_644h_1e_1c,2017-05-26,8.9
3.11亿,"迈克尔·法斯宾德,凯瑟琳·沃特森,比利·克鲁德普,卡门·艾乔戈",雷德利·斯科特,异形：契约,"恐怖,科幻",https://p1.meituan.net/movie/26c992dd332559b3b970ea6147368bba291614.jpg@464w_644h_1e_1c,2017-06-16,6.9
17.49亿,"成龙,李治廷,张艺兴,索努·苏德",唐季礼,功夫瑜伽,"喜剧,动作,冒险",https://p1.meituan.net/movie/d273af80e581b4c60abcbb57a95ad2b72956123.jpg@464w_644h_1e_1c,2017-01-28,8.4
2.24亿,"邓超,阮经天,刘诗诗,余皑磊",徐纪周,心理罪之城市之光,"剧情,动作,犯罪",https://p0.meituan.net/movie/f56e16bf98ac1e5dcbe2f70f9f8ecb3b811616.jpg@464w_644h_1e_1c,2017-12-22,8.8
5.90亿,"艾玛·沃特森,丹·史蒂文斯,卢克·伊万斯,乔什·加德",比尔·康顿,美女与野兽,"爱情,奇幻,歌舞",https://p0.meituan.net/movie/fbc36cd6da82bf584d7203054c17d522342189.jpg@464w_644h_1e_1c,2017-03-17,8.2
4.34亿,"杰拉德·巴特勒,吉姆·斯特吉斯,艾比·考尼什,亚历山德拉·玛丽亚·拉娜",迪安·德夫林,全球风暴,"动作,惊悚,灾难",https://p1.meituan.net/movie/ceca5272db49154554f96829886f175a4555828.jpg@464w_644h_1e_1c,2017-10-27,8.7
5.23亿,"古天乐,吴樾,林家栋,克里斯·柯林斯",叶伟信,杀破狼·贪狼,"剧情,动作,犯罪",https://p0.meituan.net/movie/1e319a04cfbb41c23b021c8275467d04387217.jpg@464w_644h_1e_1c,2017-08-17,8.5
5.35亿,"安东尼·拉默里纳拉,刘亦菲,杨洋,罗晋",赵小丁,三生三世十里桃花,"爱情,奇幻,古装",https://p1.meituan.net/movie/3b87a5292e7005ab71fabd40ca623ba5195750.jpg@464w_644h_1e_1c,2017-08-03,7.1
3.00亿,"大鹏,倪妮,李治廷,周冬雨",袁和平,奇门遁甲,"喜剧,动作,奇幻",https://p1.meituan.net/movie/1f3d6ea8ba5d3bf89067bfe645bbc83f1040002.jpg@464w_644h_1e_1c,2017-12-14,7.6
2.66亿,"张震,杨幂,张译,雷佳音",路阳,绣春刀II：修罗战场,"动作,古装,武侠",https://p0.meituan.net/movie/b0fc6fd58f1592dd31298149734ab2d8382151.jpg@464w_644h_1e_1c,2017-07-19,8.5
3.40亿,"菲恩·怀特海德,汤姆·格林-卡尼,杰克·劳登,哈里·斯泰尔斯",克里斯托弗·诺兰,敦刻尔克,"剧情,战争,历史",https://p1.meituan.net/movie/cc36ac6367aa44ee234d568d86cd6e4b209343.jpg@464w_644h_1e_1c,2017-09-01,8.1
2.47亿,"瑞恩·高斯林,艾玛·斯通,约翰·传奇,J·K·西蒙斯",达米恩·查泽雷,爱乐之城,"剧情,爱情,歌舞",https://p1.meituan.net/movie/41016b663bc5e508962af2419e80d439273086.jpg@464w_644h_1e_1c,2017-02-14,8.6
7.41亿,"安迪·瑟金斯,伍迪·哈里森,加布里埃尔·查瓦里亚,史蒂夫·茨恩",马特·里夫斯,猩球崛起3：终极之战,"剧情,动作,科幻",https://p0.meituan.net/movie/055fe653155bb088c5b7070aab16c917247061.jpg@464w_644h_1e_1c,2017-09-15,8.2
11.25亿,"范·迪塞尔,甄子丹,迪皮卡·帕度柯妮,吴亦凡",D·J·卡卢索,极限特工：终极回归,"动作,惊悚,冒险",https://p1.meituan.net/movie/33411a26462dbda7e6b3297fc6bb5d8f179082.jpg@464w_644h_1e_1c,2017-02-10,8.7
6487万,"徐璐,彭昱畅,刘泳希,骆明劼",王冉,闪光少女,"剧情,喜剧,音乐",https://p1.meituan.net/movie/0002a0c15991847aba14169bc19e6e375165298.jpg@464w_644h_1e_1c,2017-07-20,9.2
1.09亿,"艾米·亚当斯,杰瑞米·雷纳,福里斯特·惠特克,迈克尔·斯图巴",丹尼斯·维伦纽瓦,降临,"悬疑,冒险,科幻",https://p0.meituan.net/movie/0807f31f1b8e0058774a23fba89858842258512.jpeg@464w_644h_1e_1c,2017-01-20,7.8
2260万,"文淇,周美君,史可,耿乐",文晏,嘉年华,"剧情,悬疑",https://p0.meituan.net/movie/7ab4592f82ef346fa0bb78f9287ae338242063.jpg@464w_644h_1e_1c,2017-11-24,8.0
1.01亿,"卢正雨,郭采洁,范伟,蔡国庆",卢正雨,绝世高手,"喜剧,动作",https://p0.meituan.net/movie/66dbe34baa314ca79c7e6a65e89eea551088428.jpg@464w_644h_1e_1c,2017-07-07,7.5
818万,"卡西·阿弗莱克,卢卡斯·赫奇斯,米歇尔·威廉姆斯,凯尔·钱德勒",肯尼斯·罗纳根,海边的曼彻斯特,"剧情,家庭",https://p0.meituan.net/movie/fa733aa37805f9abced28085c0c21293168838.jpg@464w_644h_1e_1c,2017-08-25,8.8
5392万,"松冈祯丞,户松遥,伊藤加奈惠,竹达彩奈",伊藤智彦,刀剑神域：序列之争,"动画,动作,冒险",https://p0.meituan.net/movie/e91e3f3422dd2aa5e0f2d036da6d5bda329269.jpg@464w_644h_1e_1c,2017-09-15,9.2
2.92亿,"冯绍峰,刘亦菲,李光洁,郭京飞",肖洋,二代妖精之今生有幸,"喜剧,爱情,奇幻",https://p1.meituan.net/movie/527f722f9bfc9372a968c79c725d7439266481.jpg@464w_644h_1e_1c,2017-12-29,8.5
3732万,"加里·奥德曼,克里斯汀·斯科特·托马斯,莉莉·詹姆斯,本·门德尔森",乔·赖特,至暗时刻,"剧情,历史,传记",https://p1.meituan.net/movie/fdfb062822d54c058d96800a18babc04146010.jpg@464w_644h_1e_1c,2017-12-01,8.8
3.04亿,"李易峰,廖凡,万茜,李纯",谢东燊,心理罪,"动作,悬疑,犯罪",https://p1.meituan.net/movie/7c1fe3271228f03eb080dd8b5ddfa828339330.jpg@464w_644h_1e_1c,2017-08-11,8.2
2.06亿,"本·威士肖,杜江,休·格兰特,莎莉·霍金斯",保罗·金,帕丁顿熊2,"喜剧,动画,冒险",https://p1.meituan.net/movie/1ae0b6ef3773e5fa784b882d4f1ba0516626165.jpg@464w_644h_1e_1c,2017-12-08,9.1
3.05亿,"成龙,罗志祥,欧阳娜娜,夏侯云姗",张立嘉,机器之血,"喜剧,动作,科幻",https://p1.meituan.net/movie/1efd488d573bf2ec7d296940ad4911d7987434.jpg@464w_644h_1e_1c,2017-12-22,8.6
8143万,"小栗旬,菅田将晖,桥本环奈,长泽雅美",福田雄一,银魂 真人版,"剧情,喜剧,科幻",https://p1.meituan.net/movie/9e33c04e41fdf125bc96bd28c6aa4652340671.jpg@464w_644h_1e_1c,2017-09-01,7.9
2.11亿,"金城武,周冬雨,孙艺洲,奚梦瑶",许宏宇,喜欢·你,"喜剧,爱情",https://p1.meituan.net/movie/c841e8ef82eeb51513c9839923fc5e1b132405.jpg@464w_644h_1e_1c,2017-04-27,8.9
2.93亿,"黄渤,徐静蕾,段奕宏,杨子姗",陈正道,记忆大师,"剧情,悬疑,犯罪",https://p1.meituan.net/movie/e92d824ca3d9e2dcb20622f72162d73d798396.jpg@464w_644h_1e_1c,2017-04-28,8.6
1361万,"胡军,余男,凤小岳,秦昊",胡雪桦,上海王,剧情,https://p1.meituan.net/movie/407c65950e17e652d8b3633c8da9092f3457645.jpeg@464w_644h_1e_1c,2017-02-17,7.7
6535万,"刘佩琦,曹云金,李子雄,范志博",高峰,龙之战,"动作,战争,历史",https://p0.meituan.net/movie/2bad4d79ed1d2ca6768ec6d6bdd97c5e588735.jpg@464w_644h_1e_1c,2017-08-04,8.6
1369万,"陈玺旭,高叶,任素汐,楼云飞",李雨禾,提着心，吊着胆,"喜剧,悬疑,犯罪",https://p0.meituan.net/movie/0767733dcbbaef515338bd39c2fe4edc412054.jpg@464w_644h_1e_1c,2017-05-12,8.0
2.02亿,"斯嘉丽·约翰逊,皮鲁·埃斯贝克,迈克尔·皮特,北野武",鲁伯特·桑德斯,攻壳机动队,"动作,科幻,犯罪",https://p1.meituan.net/movie/d9f7233387bf1428de2ec8764fe86c2c376758.jpg@464w_644h_1e_1c,2017-04-07,7.8
1.61亿,"迈克尔·法斯宾德,玛丽昂·歌迪亚,迈克尔·肯尼斯·威廉姆斯,杰瑞米·艾恩斯",贾斯汀·库泽尔,刺客信条,"动作,冒险,奇幻",https://p1.meituan.net/movie/1ae32f11b78bd420d6669b9a227b148c234435.jpg@464w_644h_1e_1c,2017-02-24,7.4
1.76亿,"杨千嬅,余文乐,蒋梦婕,陈逸宁",彭浩翔,春娇救志明,"剧情,喜剧,爱情",https://p0.meituan.net/movie/ff46b5edfbd2f737219b9eed78e25fa2969775.jpg@464w_644h_1e_1c,2017-04-28,8.8
1.40亿,"杰夫·瓦德洛,瑞安·雷诺兹,塞缪尔·杰克逊,萨尔玛·海耶克",帕特里克·休斯,王牌保镖,"喜剧,动作,犯罪",https://p0.meituan.net/movie/40d65978f6dba2aa5bfe5406d82c144a4448818.jpg@464w_644h_1e_1c,2017-09-22,8.9
375万,"黄远,王大陆,赖雅妍,谢语恩",洪昇扬,一万公里的约定,剧情,https://p0.meituan.net/movie/07ef81b7238b535beacac003375a2768264873.jpg@464w_644h_1e_1c,2017-01-06,7.1
796万,"陈飞宇,欧阳娜娜,邹元清,张诚航",连奕琦,秘果,"剧情,爱情",https://p1.meituan.net/movie/e36f75f950cb9d656fdc106bcc05b851334736.jpg@464w_644h_1e_1c,2017-07-07,8.0
1.09亿,"安塞尔·艾尔高特,莉莉·詹姆斯,凯文·史派西,杰米·福克斯",埃德加·赖特,极盗车神,"爱情,动作,犯罪",https://p1.meituan.net/movie/5167faf8ce011e5a79ad4b9e5ca1f2541890304.jpg@464w_644h_1e_1c,2017-08-25,7.7
1.37亿,"欧文·威尔逊,黄磊,艾米·汉莫,张艺兴",布莱恩·菲,赛车总动员3：极速挑战,"喜剧,动画,冒险",https://p0.meituan.net/movie/2b73d01ae68a1972f7f3e235127c8bb9723265.jpg@464w_644h_1e_1c,2017-08-25,8.8
1.06亿,"张涵予,福山雅治,戚薇,河智苑",吴宇森,追捕,"剧情,动作,悬疑",https://p0.meituan.net/movie/7797d45caf40fcfcdc0f88378850e2441016690.jpg@464w_644h_1e_1c,2017-11-24,7.7
5585万,"陈学冬,张孝全,桂纶镁,蒋梦婕",彭顺,巨额来电,"剧情,犯罪",https://p0.meituan.net/movie/7a2af68eeaa106a421a5f50abfef7b3a371307.jpg@464w_644h_1e_1c,2017-12-08,8.4
7.56亿,"王宝强,白客,岳云鹏,柳岩",王宝强,大闹天竺,"喜剧,动作,冒险",https://p1.meituan.net/movie/d21566c8ecedfbdf95d06108aaf93004346404.jpg@464w_644h_1e_1c,2017-01-28,7.4
1.04亿,"江一燕,赵汉唐,达哇桑周,洛桑群培",赵汉唐,七十七天,"剧情,冒险",https://p0.meituan.net/movie/1529eee0e423fd9777a5b81781dc47011029511.jpg@464w_644h_1e_1c,2017-11-03,8.6
4199万,"威尔·阿奈特,扎克·加利凡纳基斯,迈克尔·塞拉,罗莎里奥·道森",克里斯·麦凯,乐高蝙蝠侠大电影,"喜剧,动画,动作",https://p0.meituan.net/movie/67d32aff77cb32336b4b5392c774a002160084.jpg@464w_644h_1e_1c,2017-03-03,8.5
4072万,"张子枫,张逸杰,成梓宁,李砚",杨永春,李雷和韩梅梅——昨日重现,"剧情,喜剧,爱情",https://p1.meituan.net/movie/65be3c1af2e1484f4ab59fa6028ce2d2200613.jpg@464w_644h_1e_1c,2017-06-09,7.7
6342万,"周迅,彭于晏,霍建华,郭涛",许鞍华,明月几时有,"剧情,战争,历史",https://p0.meituan.net/movie/9ab28e4dd1464d2c3d0f71180152a407412915.jpg@464w_644h_1e_1c,2017-07-01,7.5
890万,"斯蒂芬·马布里,何冰,吴尊,锦荣",杨子,我是马布里,"剧情,运动",https://p0.meituan.net/movie/7b8ddb8c0f0602455812586cae4e7ac3234794.jpg@464w_644h_1e_1c,2017-08-04,8.8
4370万,"阿特·帕金森,马修·麦康纳,查理兹·塞隆,拉尔夫·费因斯",特拉维斯·奈特,魔弦传说,"动画,奇幻,冒险",https://p0.meituan.net/movie/ceafd3b6b25919479685d03d435bd324288943.jpg@464w_644h_1e_1c,2017-01-13,8.5
436万,"孔维一,张晨,郭燕芸,石海玉",张大磊,八月,"剧情,家庭",https://p1.meituan.net/movie/1d3caac3eb27cbd81409685b816b858a208639.jpg@464w_644h_1e_1c,2017-03-24,7.7
5706万,"查理·汉纳姆,裘德·洛,艾瑞克·巴纳,阿斯特丽德·伯格斯-弗瑞斯贝",盖·里奇,亚瑟王：斗兽争霸,"动作,冒险,奇幻",https://p0.meituan.net/movie/dfcebc841d9c657efe53483bacfbefd5390473.jpg@464w_644h_1e_1c,2017-05-12,8.0
2023万,"塞巴斯蒂安·斯萨克,艾琳娜·拉尼娜,安东·庞布施尼,瓦谢斯拉夫·拉贝戈耶夫",萨里·奥德赛耶,守护者：世纪战元,"动作,冒险,科幻",https://p0.meituan.net/movie/eef7341df9076efc2c3a35d62c1a1683394185.jpg@464w_644h_1e_1c,2017-05-19,6.4
1717万,"戴夫·帕特尔,鲁妮·玛拉,大卫·文翰,妮可·基德曼",加斯·戴维斯,雄狮,剧情,https://p1.meituan.net/movie/c6e3e603ea55d435a75cbd7c3a6e6709368186.jpg@464w_644h_1e_1c,2017-06-22,8.7
1.14亿,"王大陆,张天爱,任达华,盛冠森",杨磊,鲛珠传,"喜剧,动作,奇幻",https://p0.meituan.net/movie/8740fa75ab04bce0b5c0e38524ad98ac503502.jpg@464w_644h_1e_1c,2017-08-11,7.9
1.25亿,"大鹏,范伟,张天爱,乔杉",袁卫东,父子雄兵,"剧情,喜剧",https://p1.meituan.net/movie/abc5dc03f2dd3768d979083ca3a22582149521.jpg@464w_644h_1e_1c,2017-07-21,8.0
7954万,"郭富城,赵丽颖,张翰,任达华",钟少雄,密战,"剧情,动作,战争",https://p1.meituan.net/movie/66b96e1da8117d1b69961d0634cf6ee0637593.jpg@464w_644h_1e_1c,2017-11-03,8.2
5447万,"王迅,曾志伟,梁超,潘斌龙",王丹,这就是命,"喜剧,犯罪",https://p0.meituan.net/movie/e19b289fc831e11e630daadcec719a61332492.jpg@464w_644h_1e_1c,2017-12-01,8.1
2.37亿,"刘德华,舒淇,张静初,杨祐宁",冯德伦,侠盗联盟,"动作,冒险,犯罪",https://p0.meituan.net/movie/68c6282607ed0e9cabe0484a278b4ffd338708.jpg@464w_644h_1e_1c,2017-08-11,8.1
3233万,"李立群,张伟欣,黄磊,海清",黄磊,麻烦家族,"剧情,喜剧,家庭",https://p1.meituan.net/movie/1228088b25b9bf36082730d1c13f8820262846.jpg@464w_644h_1e_1c,2017-05-11,7.6
3299万,"李微漪,亦风",亦风,重返·狼群,纪录片,https://p1.meituan.net/movie/917e0a664d6bf31f2f20dc75dfd19695192419.jpg@464w_644h_1e_1c,2017-06-16,9.2
1.24亿,"黄彦威,迪丽热巴,张云龙,高伟光",李海蜀,傲娇与偏见,"喜剧,爱情",https://p0.meituan.net/movie/f0cfd38f05f52d6daaca212c2664db1a1770451.jpg@464w_644h_1e_1c,2017-04-20,9.0
2.19亿,"张智霖,梅婷,钟欣潼,耿乐",钱人豪,京城81号2,"剧情,惊悚,悬疑",https://p0.meituan.net/movie/e021b51c149f21a381ba93001272dd0a494508.jpg@464w_644h_1e_1c,2017-07-06,5.9
3041万,"景甜,欧豪,黑木明纱,林遣都",蒋卓原,青禾男高,"剧情,喜剧,动作",https://p0.meituan.net/movie/f633e97639c3697725a2bd2d3b491bff508139.jpg@464w_644h_1e_1c,2017-07-12,7.8
308万,"陈圆,刘俐儿,宋伟,聂晶磊",陆诗雨,碟仙之毕业照,"恐怖,惊悚,悬疑",https://p0.meituan.net/movie/adf68d56594eccc4b33d714dbc1ae3521024750.jpg@464w_644h_1e_1c,2017-06-09,5.7
2946万,"刘亦菲,埃米尔·赫斯基,李芳淙,严屹宽",比利·奥古斯特,烽火芳菲,"爱情,战争,历史",https://p0.meituan.net/movie/120790f2b32d04811eb049842adcd09d219473.jpg@464w_644h_1e_1c,2017-11-10,8.0
3740万,"范伟,贾静雯,刘俊昊,薛之谦",王啸坤,有完没完,"剧情,喜剧,爱情",https://p0.meituan.net/movie/5a9847f9263fa069e28cbdad7984844c755880.jpg@464w_644h_1e_1c,2017-04-01,8.1
766万,"徐娇,胡夏,鲁诺,王力宏",彭发,会痛的十七岁,爱情,https://p0.meituan.net/movie/7f004865bcc665ebc87ed558f5ab64e9751087.jpg@464w_644h_1e_1c,2017-09-15,7.8
5622万,"杰里米·德格鲁森,克里斯托弗·L·帕森,孟令军,帕皮·福克纳",本·斯塔森,我的爸爸是森林之王,"喜剧,动画",https://p1.meituan.net/movie/56d93b52d4613af2e83de4353841a68d405947.jpg@464w_644h_1e_1c,2017-10-14,9.1
1.06亿,"贾乃亮,马丽,梁超,王迅",郭大雷,东北往事之破马张飞,"喜剧,动作",https://p1.meituan.net/movie/4c50ed451ffc34ba96c66818d156f82d313572.jpg@464w_644h_1e_1c,2017-02-03,7.2
240万,"Bertha,王力宏,撒贝宁,中曾根梨乃",王力宏,火力全开,"音乐,纪录片",https://p1.meituan.net/movie/f34b13e6f79c6d736ffbf996b1f60267374252.jpg@464w_644h_1e_1c,2017-10-20,9.6
940万,"余文乐,曾志伟,方皓玟,金燕玲",黄进,一念无明,"剧情,家庭",https://p1.meituan.net/movie/ae29c9c2ee4528046316e15746ebb7ef560801.jpg@464w_644h_1e_1c,2017-04-07,8.4
4329万,"李晔,潘延,范楚绒,胡谦",速达,大耳朵图图之美食狂想曲,"喜剧,动画,冒险",https://p1.meituan.net/movie/1eb7dc53464f846cf74e667bb4b7f298422855.jpg@464w_644h_1e_1c,2017-07-28,8.8
4778万,"理查德·戴尔,罗伯特·雷德福,成龙,佐佐木藏之介",彼得·韦柏,地球：神奇的一天,纪录片,https://p1.meituan.net/movie/5568cc4d4fb01053ca856f8bf50720021284663.jpg@464w_644h_1e_1c,2017-08-11,9.0
208万,"涂们,王超北,阿拉腾乌拉,伊丹纳",周子阳,老兽,"剧情,家庭",https://p1.meituan.net/movie/ab6a7047e10905986468a7d4f76401ba1010475.jpg@464w_644h_1e_1c,2017-12-11,7.7
1762万,"奥兰多·布鲁姆,吴磊,任达华,昆凌",查尔斯·马丁,极致追击,"动作,犯罪,冒险",https://p0.meituan.net/movie/21c54ccf6f7de914b3d37f9feecc3f88174829.jpg@464w_644h_1e_1c,2017-09-30,6.9
6951万,"夏雨,闫妮,潘斌龙,宋茜",伍仕贤,反转人生,"喜剧,奇幻",https://p0.meituan.net/movie/fef75ce276038b1cfe4fb1f4a517beb9116864.jpg@464w_644h_1e_1c,2017-06-29,8.1
1294万,"阿里尔·舒曼,艾玛·罗伯茨,戴夫·弗兰科,艾米丽·梅德",亨利·朱斯特,玩命直播,"动作,冒险,惊悚",https://p0.meituan.net/movie/5f93a6f494de4778dedd0dff1671663f190718.jpg@464w_644h_1e_1c,2017-01-06,8.3
1473万,"科林·费斯,裘德·洛,妮可·基德曼,盖·皮尔斯",迈克尔·格兰达吉,天才捕手,"剧情,传记",https://p1.meituan.net/movie/f61091a2c7dc541d472c9027ffd211856476496.jpg@464w_644h_1e_1c,2017-03-10,8.0
3317万,"任达华,陈小春,伍允龙,邱意浓",阚家伟,黑白迷宫,"剧情,动作,犯罪",https://p1.meituan.net/movie/df2ce28f747b28637a8f76781a3207ff280058.jpg@464w_644h_1e_1c,2017-09-01,7.8
1023万,"陈都灵,林柏宏,汪铎,郝劭文",张天辉,推理笔记,"剧情,悬疑",https://p1.meituan.net/movie/ca31e57f11dab49d7949ecdfa8ed7cbd411327.jpg@464w_644h_1e_1c,2017-11-24,7.6
1210万,"孙集斌,高晓攀,尤宪超,于莎莎",高晓攀,兄弟，别闹！,"剧情,喜剧",https://p0.meituan.net/movie/c67220e9e38f77dfcbe9931d35c85776544699.jpg@464w_644h_1e_1c,2017-11-10,7.2
1149万,"苏查拉·玛娜英,李川,陈立谦,卢洋",李勇昌,怨灵2,"恐怖,惊悚,悬疑",https://p0.meituan.net/movie/0ec32230215a71f472eb3536c12ce8c05338661.jpg@464w_644h_1e_1c,2017-10-12,7.0
1602万,"舒淇,王千源,张孝全,林美秀",陈玉勋,健忘村,"喜剧,奇幻,武侠",https://p0.meituan.net/movie/cd23a5f30b3918cf241074bad9589d0d421744.jpg@464w_644h_1e_1c,2017-01-27,6.9
1.22亿,"谢霆锋,葛优,郑容和,唐嫣",叶伟民,决战食神,"喜剧,爱情,家庭",https://p0.meituan.net/movie/38da0c104fa2791d04a4762f117267f9375948.jpg@464w_644h_1e_1c,2017-02-10,7.8
226万,"魏大勋,郭姝彤,张萌,魏天浩",曹大伟,因为爱情,"剧情,喜剧,爱情",https://p1.meituan.net/movie/68f5b00ab19cbebdd0603bbbfdb482df336171.jpg@464w_644h_1e_1c,2017-10-27,7.0
502万,"殷果儿,姜星丘,任青安,陈嘉敏",陆诗雷,恐怖理发店,"爱情,惊悚,悬疑",https://p0.meituan.net/movie/0dd3f9f45abdd90e12b60947068a296e289727.jpg@464w_644h_1e_1c,2017-01-06,5.3
1514万,"林依晨,姜武,陈晓,惠英红",朴裕焕,神秘家族,"剧情,悬疑,犯罪",https://p1.meituan.net/movie/bfb78eeaa1ba034bb4fea729c881f0d7923070.jpg@464w_644h_1e_1c,2017-04-21,6.9
904万,"乔什·布洛林,迈尔斯·特勒,杰夫·布里吉斯,詹妮弗·康纳利",约瑟夫·科辛斯基,勇往直前,"剧情,传记,灾难",https://p1.meituan.net/movie/bc1a4c9f3a3a24e3ff2242d5990976366016781.jpg@464w_644h_1e_1c,2017-12-08,8.7
6512万,"赵文卓,洪金宝,万茜,小出惠介",陈嘉上,荡寇风云,"动作,战争,历史",https://p0.meituan.net/movie/287a820c51c34c260a56ad7ddfa826e8492185.jpg@464w_644h_1e_1c,2017-05-27,8.3
4207万,"陈志宏,李扬,陈道明,姚晨",速达,大闹天宫,动画,https://p1.meituan.net/movie/0e2400f144c69fe28edb36a8ec91784a744391.jpg@464w_644h_1e_1c,2017-10-13,8.3
493万,"阿兰·夏巴,奥黛丽·塔图,皮奥·马麦,格什菲·法拉哈尼",阿兰·夏巴,圣诞奇妙公司,"喜剧,家庭",https://p0.meituan.net/movie/f05d47b5a51a37cbcd87d40074c406cf297662.jpg@464w_644h_1e_1c,2017-12-15,8.2
121万,"姚雨鑫,谢容儿,岳文龙,王翼鹏",陆诗雷,怨灵宿舍之人偶老师,"恐怖,惊悚,悬疑",https://p1.meituan.net/movie/9205dede699c589edd67cb97d7f8676a945605.jpg@464w_644h_1e_1c,2017-04-14,5.6
291万,"赵顺然,朱颜曼滋,韩昊轩,高子沣",乔梁,小情书,"剧情,爱情",https://p1.meituan.net/movie/7037dfaf3501695580167fc754c23c97279202.jpg@464w_644h_1e_1c,2017-05-19,8.3
713万,"张雨绮,张亮,王少雍,冷中易",陈卓,不期而遇,"喜剧,爱情",https://p1.meituan.net/movie/0b4b93e9eace0985fb5d48325bf53823248909.jpg@464w_644h_1e_1c,2017-05-19,7.9
2519万,"哈雷,黄宏,刘向京,赵婷婷",刘建华,血狼犬,"剧情,动作,冒险",https://p1.meituan.net/movie/906c4288c1e8cd9b93d305fe7776c4bd579225.jpg@464w_644h_1e_1c,2017-04-21,8.4
963万,"阿沙·巴特菲尔德,布丽特·罗伯森,加里·奥德曼,卡拉·古奇诺",彼德·切尔瑟姆,回到火星,"爱情,冒险,科幻",https://p1.meituan.net/movie/25e682b8113a73a418e883be20b9d599199220.jpg@464w_644h_1e_1c,2017-10-13,8.3
1762万,"桂纶镁,王景春,欧阳娜娜,王元也",何蔚庭,美好的意外,"喜剧,奇幻",https://p0.meituan.net/movie/388490e2742d6985a26da2a0d7d345b11035540.jpg@464w_644h_1e_1c,2017-06-02,8.2
982万,"何炅,钟欣潼,蔡卓妍,邓丽欣",刘镇伟,仙球大战,"喜剧,古装",https://p0.meituan.net/movie/aa5a2ef5155331166d784040b95cb56f807839.jpg@464w_644h_1e_1c,2017-06-30,6.9
2144万,"大卫·拜德拉,奥莉薇娅·柯尔曼,蒂娜·德赛,马克·莫拉根",大卫·斯特登,托马斯大电影之了不起的比赛,"动画,家庭",https://p1.meituan.net/movie/5f9702880b6c00acf56762b87844a8ae274793.jpg@464w_644h_1e_1c,2017-09-22,8.5
329万,"金巴,曲尼次仁,夏诺·扎西敦珠,益西旦增",张杨,皮绳上的魂,"科幻,奇幻,西部",https://p1.meituan.net/movie/10a82d81ea6aa2967be788dc8bb01609359584.jpg@464w_644h_1e_1c,2017-08-18,8.4
157万,"周秀娜,郑欣宜,蔡瀚亿,杨尚斌",彭秀慧,29+1,"剧情,爱情",https://p0.meituan.net/movie/a35e23963bef2e6bee8777c4cdaa87dc6252332.jpg@464w_644h_1e_1c,2017-06-02,8.1
193万,"王紫逸,多布杰,杨秀措,洛桑念扎",杨蕊,金珠玛米,"剧情,历史,西部",https://p0.meituan.net/movie/7316b82d684dbdbecdffa7970e897006999152.jpg@464w_644h_1e_1c,2017-12-12,7.8
1733万,"海伦·米伦,亚伦·保尔,艾伦·瑞克曼,伊恩·格雷",加文·胡德,天空之眼,"剧情,悬疑,战争",https://p1.meituan.net/movie/aa3edbf989db78fadc693ebee159f4dd3535520.jpg@464w_644h_1e_1c,2017-01-13,8.0
325万,"杰弗里·迪恩·摩根,罗伯特·德尼罗,凯特·波茨沃斯,戴夫·巴蒂斯塔",斯科特·曼,双面劫匪,"动作,惊悚,犯罪",https://p0.meituan.net/movie/776694c7423eba81592a2180bb9c6e31241271.jpg@464w_644h_1e_1c,2017-12-08,8.4
1355万,"王丽坤,高以翔,李媛,王传君",李巨源,情遇曼哈顿,"喜剧,爱情",https://p0.meituan.net/movie/c7e2b8f4d3338c32bd77508e29a437811339501.jpg@464w_644h_1e_1c,2017-10-13,7.4
1151万,"乔·佩西,乌比·戈德堡,马克西姆·契克哈里尤夫,康斯坦丁·哈宾斯基",马克西姆·法捷耶夫,灵狼传奇,"动画,冒险,奇幻",https://p1.meituan.net/movie/3f2a8507925fead7da67675aa3d26d6e2412651.jpg@464w_644h_1e_1c,2017-04-29,8.8
1388万,"小林薰,多部未华子,小田切让,河井青叶",松冈锭司,深夜食堂2,剧情,https://p1.meituan.net/movie/2ffd72cd3c2fb1325175b485d8d0219c345714.jpg@464w_644h_1e_1c,2017-07-18,8.4
1568万,"牛志远,吕豆,禹祥,绿绮",刘骏,我的爸爸是国王,"动画,奇幻,家庭",https://p0.meituan.net/movie/ba3cde77f7b3e1a0bc90ad2de522983d947078.jpg@464w_644h_1e_1c,2017-05-27,8.6
882万,"卜冠今,刘畅,李梦,曲哲明",韩天,那一场呼啸而过的青春,"剧情,爱情",https://p1.meituan.net/movie/f8b6e6ec292914f5947ab96ad48b14dc7970816.jpg@464w_644h_1e_1c,2017-10-05,8.2
370万,"姜潮,张嘉倪,金恩圣,马春瑞",郑仕明,青春逗,"喜剧,爱情",https://p1.meituan.net/movie/0daf7a772b384fd4de7c7a1404bd7fd0912128.png@464w_644h_1e_1c,2017-10-20,7.9
937万,"黄子韬,杨采钰,杜天皓,李梦",张荣吉,夏天19岁的肖像,"爱情,悬疑",https://p1.meituan.net/movie/b91112ede9e4f89a1092509b68d59c311793924.jpg@464w_644h_1e_1c,2017-05-27,7.7
854万,"马德哈尔·班达卡,赵涛,梁景东,梅芙·金琴丝",沃尔特·塞勒斯,时间去哪儿了,剧情,https://p1.meituan.net/movie/bfa1a9b2e34c6ff52a5bbcd36a695d95243990.jpg@464w_644h_1e_1c,2017-10-19,7.1
467万,"朱一龙,姜瑞佳,徐光宇,杨大鹏",朱时茂,胡杨的夏天,"喜剧,爱情,歌舞",https://p0.meituan.net/movie/2d408512ec0089d455a01ded176b6ba32209792.jpg@464w_644h_1e_1c,2017-10-20,7.7
58万,"王李丹妮,郭艳,倪大红,南笙",邢博,夜闯寡妇村,"惊悚,悬疑,情色",https://p1.meituan.net/movie/7b62f2da6eb99271332f8a4e3daac53779697.jpg@464w_644h_1e_1c,2017-04-27,5.3
1009万,"闫妮,杜天皓,宋伊人,张亦驰",黄美娜,美容针,"剧情,喜剧,爱情",https://p1.meituan.net/movie/9e6e0bc2f5367214b88fbbadb3d85145486469.jpg@464w_644h_1e_1c,2017-05-20,7.9
60万,"吕聿来,康凯,赵聪,闫飞龙",白翎,惊悚小说,"恐怖,惊悚,悬疑",https://p0.meituan.net/movie/9896391b41eaf80c4e225e5fa1a81427224663.jpg@464w_644h_1e_1c,2017-04-07,5.8
3171万,"黄燕,严丽祯,李晔,王衡",申宇,玩偶奇兵,"动画,冒险,奇幻",https://p0.meituan.net/movie/b52da8ee33c9d67bf013509038a4d1bc262918.jpg@464w_644h_1e_1c,2017-08-04,8.6
234万,"雷扎·梅马里,蒂尔曼·多布勒,Shannon,Christian",托比·格恩科尔,理查大冒险,"喜剧,动画,冒险",https://p0.meituan.net/movie/16db936dea0cc23851ab59749d42a0111185130.jpg@464w_644h_1e_1c,2017-09-22,9.1
9566万,"杨翌舒,白百何,黄立行,明道",徐静蕾,绑架者,"动作,犯罪",https://p1.meituan.net/movie/22fc07dc56d21254ea07ad8e98047e4b415109.jpg@464w_644h_1e_1c,2017-03-31,8.4
393万,"杰森·克拉克,裴淳华,杰克·奥康奈尔,米娅·华希科沃斯卡",塞德里克·吉门内兹,刺杀盖世太保,"剧情,战争,历史",https://p1.meituan.net/movie/c66bef60115f204d1385d93027979c9e5057446.jpg@464w_644h_1e_1c,2017-11-24,8.2
200万,"张一山,笑嘻嘻,张蓝心,谢依霖",陈玮卿,冒牌监护人之寻宝闹翻天,"喜剧,动作",https://p0.meituan.net/movie/805683687f5cdcc7f7d2c607c363b5843231919.jpg@464w_644h_1e_1c,2017-12-01,7.7
430万,"王栎鑫,潘时七,余玥,季肖冰",王文,垫底联盟,"剧情,喜剧",https://p0.meituan.net/movie/e8b4e058cf534a4f7121999cbdd16d94295661.jpg@464w_644h_1e_1c,2017-11-28,7.4
1591万,"陈佩斯,李立群,季冠霖,付博文",邹燚,豆福传,"喜剧,动画,奇幻",https://p1.meituan.net/movie/6231e053be03367131db94295902183d1178489.jpg@464w_644h_1e_1c,2017-07-28,8.0
334万,"张俪,锦荣,李子峰,李若彤",马伟豪,蝴蝶公墓,"爱情,悬疑,奇幻",https://p1.meituan.net/movie/f15328724f2c5541694c93d69377faa3668263.jpg@464w_644h_1e_1c,2017-10-20,6.0
179万,"于谦,黄一琳,汪东城,李立群",米宝,坑爹游戏,"剧情,喜剧,家庭",https://p1.meituan.net/movie/44dbdb5ffee2075416159eaa1b79e1fb2981698.jpg@464w_644h_1e_1c,2017-10-20,8.1
228万,"窦骁,张钧甯,邬君梅,吴刚",李远,六人晚餐,"剧情,爱情",https://p0.meituan.net/movie/2b1767a7444f3b53942ad39c6d8c080f351202.jpg@464w_644h_1e_1c,2017-07-19,8.1
1347万,"miwa,坂口健太郎,龙星凉,真野惠里菜",月川翔,与君相恋100次,"剧情,爱情",https://p1.meituan.net/movie/cb6f085da18cdcdff8ceaf9c5de21c6a113816.jpg@464w_644h_1e_1c,2017-07-06,8.2
327万,"邓紫棋,韩寒,徐小凤,曹格",尼克·维克汉姆,一路逆风,"音乐,纪录片",https://p0.meituan.net/movie/375e9274bd8163bfbb87af95977bbedc265151.jpg@464w_644h_1e_1c,2017-01-06,9.3
6370万,"田蒙,岳云鹏,袁姗姗,孙坚",钟少雄,疯岳撬佳人,"喜剧,爱情",https://p1.meituan.net/movie/a6be4d6ee34ea56ec5dde94fd059504e382055.jpg@464w_644h_1e_1c,2017-02-14,7.5
1294万,"钱江汉,郑恺,热依扎,郭晓东",黄志伟,临时演员,"喜剧,爱情",https://p0.meituan.net/movie/c08f83a2c77357e5fe63884ff7e86e56665346.jpg@464w_644h_1e_1c,2017-05-27,8.3
1455万,"连姆·尼森,刘易斯·麦克杜格尔,菲丽希缇·琼斯,西格妮·韦弗",胡安·安东尼奥·巴亚纳,当怪物来敲门,"剧情,奇幻",https://p0.meituan.net/movie/c1ac37590f5e826bd36a5acb6cee2066480065.jpg@464w_644h_1e_1c,2017-05-19,7.5
4688万,"古天乐,张智霖,林家栋,蔡卓妍",邱礼涛,常在你左右,"恐怖,惊悚,悬疑",https://p1.meituan.net/movie/558ee8c66c29b776b8ec5d105318cd70295640.jpg@464w_644h_1e_1c,2017-10-27,7.3
239万,"杨进,唐泽宗,吴凡,王雪沁",李霞,辛巴达与美人鱼公主,"喜剧,动画,奇幻,冒险",https://p1.meituan.net/movie/af36e3479b1fae9d5329ea8e509b0e52980137.jpg@464w_644h_1e_1c,2017-01-07,7.0
36万,"鲍起静,黄浩然,王菀之,卫诗雅",李勇昌,我的妈呀,"剧情,喜剧,家庭",https://p1.meituan.net/movie/158010531a8ca93938902c9b60b2b9c53139584.jpg@464w_644h_1e_1c,2017-10-13,8.7
451万,"张孝全,周冬雨,谢依霖,纳豆",关智耀,指甲刀人魔,"喜剧,爱情,奇幻",https://p1.meituan.net/movie/b8d47f210d85f32628a49406b078f70c174717.jpg@464w_644h_1e_1c,2017-04-14,6.5
498万,"丹尼·伯恩,爱丽丝·波尔,安·玛丽文,阿兰·杜泰",丹尼·伯恩,疯狂特警队,"喜剧,动作",https://p1.meituan.net/movie/4484270052c8d416680f20773cd8aff92022765.jpg@464w_644h_1e_1c,2017-12-08,8.2
1162万,"王骁,姜瑞佳,吴刚,高云翔",沈东,六年，六天,"剧情,爱情",https://p1.meituan.net/movie/253d661e35f8b696855336edd0850572433272.jpg@464w_644h_1e_1c,2017-10-17,8.1
5064万,"狄菲菲,李正翔,洪海天,陶典",李炼,昆塔：反转星球,"动画,科幻",https://p1.meituan.net/movie/b96cbdf20204019e1da1183c95c245052155470.jpg@464w_644h_1e_1c,2017-10-01,8.5
872万,"黄恺杰,王奕瑾,范逸臣,钱柏渝",王毓雅,以爱为名,"剧情,爱情",https://p1.meituan.net/movie/d13de7290e1eec76b2c39087d734ee6093368.jpg@464w_644h_1e_1c,2017-05-12,8.2
49万,"黄奕,范逸臣,沈梦辰,韩承羽",刘欣翰,识色，幸也,"剧情,爱情",https://p1.meituan.net/movie/d259cd5e3d8dfbab7804ab47ff01f7791509687.jpg@464w_644h_1e_1c,2017-11-03,7.7
2430万,"周渝民,薛凯琪,郑中基,高捷",谷德昭,天生不对,"喜剧,爱情",https://p1.meituan.net/movie/bfb109ec2327ed8f22f4cc5d738e9b28349675.jpg@464w_644h_1e_1c,2017-11-10,8.0
550万,"蕾妮·齐薇格,科林·费斯,帕特里克·德姆西,吉姆·布劳德本特",莎伦·马奎尔,单身日记：好孕来袭,"喜剧,爱情",https://p1.meituan.net/movie/df7d088b9ff0bb68e9f7f69ee93b92431015953.jpg@464w_644h_1e_1c,2017-01-01,8.5
236万,"来喜,廖蔚蔚,李子雄,韩志",李克龙,撞邪31号,"惊悚,恐怖",https://p1.meituan.net/movie/19fdeebc1cb6c4352b961b6c0d590cde170261.jpg@464w_644h_1e_1c,2017-06-30,6.1
447万,"王力可,杨昆,田重,刘挺",杨真,窦娥奇冤,"剧情,动作,悬疑",https://p1.meituan.net/movie/a88db0c4baeff861376736f49e3407e2334028.jpg@464w_644h_1e_1c,2017-04-21,7.7
292万,"王良,施景子,苗青,宋睿",王良,七月半3：灵触第七感,恐怖,https://p0.meituan.net/movie/a382d3c21099e595c103bcb6c7ad43be330179.jpg@464w_644h_1e_1c,2017-11-24,6.2
76万,"蒋欣,九孔,秦沛,黄品源",李金瀚,麻辣学院,"喜剧,剧情",https://p0.meituan.net/movie/0ea13b6b01e1a2979a3ae8bfce96f5cb350775.jpg@464w_644h_1e_1c,2017-06-09,4.8
33万,"孙博,刘雪涛,徐唯,李昊泽",宋灏霖,猪太狼的夏天,"剧情,喜剧",https://p1.meituan.net/movie/21833eed6ee84b10380ff91a9885b275646563.jpg@464w_644h_1e_1c,2017-11-10,7.3
28万,"成琪,向奕铮,李豪,戴丽哈",王择谚,十七岁的雨季,"剧情,爱情",https://p1.meituan.net/movie/f6101e160aebeecbb1bab264d56e1bd5747168.jpg@464w_644h_1e_1c,2017-06-16,6.2
210万,"蔡国强,蔡文悠,蔡文浩,张艺谋",凯文·麦克唐纳,天梯：蔡国强的艺术,纪录片,https://p1.meituan.net/movie/fbf37b9065dd02d0a0212d9ee0df30252056820.jpg@464w_644h_1e_1c,2017-09-22,9.0
214万,"刘青,李浩轩,白瑶,贲蓝琪",李耀东,夜半凶铃,"恐怖,悬疑",https://p0.meituan.net/movie/19228ff40a61b11232dc665e0d217092392299.jpg@464w_644h_1e_1c,2017-07-28,4.0
1224万,"郭馨雅,林佑俽,屈中恒,蒋笃慧",邱立伟,小猫巴克里,"动画,冒险,家庭",https://p0.meituan.net/movie/f451487b1c7ced79549345888011391c272466.jpg@464w_644h_1e_1c,2017-12-30,8.0
99万,"代旭,李晨浩,衣云鹤,张隽溢",裘仲维,谁是球王,"剧情,喜剧,运动",https://p0.meituan.net/movie/76de4864eb299949be2ba0572dbdddfc922934.jpg@464w_644h_1e_1c,2017-08-03,8.0
115万,"丹·史蒂文斯,贝纳尼丝·玛尔洛,查丽蒂·维克菲尔德,泰格·格南德特",提姆·斯密特,末日重启,"剧情,科幻",https://p0.meituan.net/movie/8e509124fd4062f58d00c6834f8283323029927.jpg@464w_644h_1e_1c,2017-12-01,5.4
374万,"廖启智,林耀声,胡子彤,潘灿良",陈志发,点五步,"剧情,运动",https://p1.meituan.net/movie/c9f5847560183feb32c7687be4ac46f1968218.jpg@464w_644h_1e_1c,2017-04-07,7.9
257万,"凯文·芒罗,保罗·吉亚玛提,约翰·古德曼,贝拉·索恩",杰瑞卡·克莱兰,银河守卫队,"动画,冒险,科幻",https://p1.meituan.net/movie/06643c3eb179fcef7d76301f9c67c701462139.jpg@464w_644h_1e_1c,2017-05-27,8.6
315万,"伊娜,许林,郭若寒,王瑄",高育新,碟仙前传,"恐怖,惊悚",https://p0.meituan.net/movie/8d07abc98f695e7ec07c18a047d2a2cb327156.jpg@464w_644h_1e_1c,2017-05-12,6.2
5938万,"郑秀文,张孝全,冯文娟,金巧巧",刘国楠,合约男女,"喜剧,爱情",https://p0.meituan.net/movie/32743a661d702fbd39e5349d1dfe7ad8165397.jpg@464w_644h_1e_1c,2017-02-14,8.0
1073万,"丁莹莹,杨进,卢瑶,苏子芜",杨广福,咕噜咕噜美人鱼2,"喜剧,动画,冒险",https://p0.meituan.net/movie/340ac5e8bddfe2ad182544c7dc20ca2e786951.jpg@464w_644h_1e_1c,2017-12-30,8.4
215万,"马志威,王敏奕,符龙飞,林雪",叶曦,初恋日记,"剧情,喜剧,爱情",https://p0.meituan.net/movie/134fe6b39e64255edf5c7a478c8e1370402664.jpg@464w_644h_1e_1c,2017-09-15,8.4
97万,"阿诺德·施瓦辛格,玛姬·格蕾斯,斯科特·麦克纳里,朱达·纳尔逊",艾略特·莱斯特,空难余波,"剧情,惊悚",https://p0.meituan.net/movie/5a784a2ca2410edca863d531a81d1ea1354311.jpg@464w_644h_1e_1c,2017-12-01,6.5
184万,"杨思琦,李铭顺,张可颐,刘心悠",高志森,女人永远是对的,"喜剧,爱情",https://p1.meituan.net/movie/855a095ea0742dcf3ae8d0aaeab8f7d9110318.jpg@464w_644h_1e_1c,2017-06-16,7.7
770万,"郭采洁,杨祐宁,曾志伟,猪哥亮",邱瓈宽,我不做大哥好多年,"喜剧,爱情,动作",https://p1.meituan.net/movie/60c1c4b42256bef33fdf607f7a92c0d0256142.jpg@464w_644h_1e_1c,2017-06-23,7.6
2109万,"马克·沃尔伯格,米歇尔·莫纳汉,约翰·古德曼,J·K·西蒙斯",彼得·博格,恐袭波士顿,"剧情,惊悚,历史",https://p1.meituan.net/movie/61c672b7bfef63e41ca5796f3a36689f1048501.jpg@464w_644h_1e_1c,2017-11-17,8.3
1645万,"白举纲,连奕名,洪剑涛,王泷正",徐兵,缉枪,"剧情,动作,犯罪",https://p0.meituan.net/movie/aca7c20e2a090800ae3a4382db399b664513194.jpg@464w_644h_1e_1c,2017-06-23,7.9
712万,"艾伦,王自健,田亮,胡杏儿",王宁,玛格丽特的春天,"喜剧,爱情",https://p0.meituan.net/movie/bb275a637f75baa9ad11c550fdac61a51036680.jpg@464w_644h_1e_1c,2017-03-10,6.4
905万,"达尼那·斯米德,Dmitriy,Konstantin,谢尔盖·希纳罗维",费多·德米提亚夫,绿野仙踪之奥兹国奇幻之旅,"动画,冒险,家庭",https://p1.meituan.net/movie/834e088a4cb8606aee52d25eab387cad2723458.jpg@464w_644h_1e_1c,2017-07-21,8.4
610万,"张国荣,陈百强,钟保罗,徐杰",霍耀良,失业生,"剧情,爱情",https://p0.meituan.net/movie/5024a193d82cbb7a84239dd0def17c3b855035.jpg@464w_644h_1e_1c,2017-09-08,8.7
42万,"余培喧,周泳汐,李淼",晓寒,钟馗传奇之岁寒三友,"动画,奇幻",https://p1.meituan.net/movie/0887b3d51f654195c1a366f4c9e6993264118.jpg@464w_644h_1e_1c,2017-12-02,7.3
1.26亿,"张遥函,汤水雨,徐佳琦,杨默",李清舫,大卫贝肯之倒霉特工熊,"喜剧,动画,家庭,冒险",https://p1.meituan.net/movie/4bd5783cc9da7bf2bf0fa402a448abe4338303.jpg@464w_644h_1e_1c,2017-01-13,8.5
4025万,"刘青云,林家栋,江一燕,古天乐",刘国昌,毒。诫,"剧情,犯罪,传记",https://p0.meituan.net/movie/8d4d0b471b09d24c841cc83dc55c964c384460.jpg@464w_644h_1e_1c,2017-05-12,7.3
233万,"曾帅,苗青,卓凡,武虹言",王良,午夜惊魂路,"惊悚,恐怖",https://p1.meituan.net/movie/0f654af88114c15bf168a32f5a98835c496768.jpg@464w_644h_1e_1c,2017-04-28,3.3
798万,"姚雷,郭盛,李姗姗,谢昀杉",邓伟锋,萤火奇兵,"喜剧,动画,奇幻",https://p1.meituan.net/movie/d12de031fa8ed2f684510aa5efec821e433682.jpg@464w_644h_1e_1c,2017-02-05,8.6
1412万,"丹尼拉·科兹洛夫斯基,斯维特拉纳·库德钦科娃,乔金·奈特奎斯特,伊戈尔·别特连科",安德列·克拉夫丘克,维京:王者之战,"剧情,动作,历史",https://p1.meituan.net/movie/533ff887dcce94bd82b2e9fa40a4ca892152360.jpg@464w_644h_1e_1c,2017-12-01,7.0
256万,"张洋,吴凡,唐泽宗,陈新月",张恒,真假森林王,"喜剧,动画,家庭",https://p1.meituan.net/movie/fb866b2733d0daacd2397faf099029004552704.jpg@464w_644h_1e_1c,2017-09-16,5.7
1625万,"张涵予,杜鹃,黎明,王耀庆",黎明,抢红,"动作,冒险,犯罪",https://p1.meituan.net/movie/cb43e8b8541bcd794a5ee64da81857d6748573.jpg@464w_644h_1e_1c,2017-05-19,6.8
2750万,"徐熙娣,林志玲,金世佳,李子峰",蔡康永,“吃吃”的爱,"喜剧,爱情,奇幻",https://p1.meituan.net/movie/2dcbf613194280eec7345f0b19371dc9935368.jpg@464w_644h_1e_1c,2017-05-27,7.4
1277万,"刘辉,张韶涵,方力申,孙艺铭",雷宇扬,碟仙诡谭2,"惊悚,悬疑",https://p1.meituan.net/movie/0a852fb127e17defc61b0ee874ac889a330052.jpg@464w_644h_1e_1c,2017-03-10,3.9
2873万,"亚伦·保尔,肖恩·宾,琳娜·海蒂,阿德里安·布薛特",野末武志,最终幻想15：王者之剑,"动作,科幻",https://p1.meituan.net/movie/31d37a8f457e745f21913b9f62cf857a103139.jpg@464w_644h_1e_1c,2017-03-10,7.7
244万,"陈圆,刘俐儿,宋伟,聂晶磊",陆诗雨,恐怖毕业照2,"恐怖,惊悚",https://p0.meituan.net/movie/6961f6356b0107dc19d86d97f8790b71124078.jpg@464w_644h_1e_1c,2017-08-18,5.4
1.49亿,"水田山葵,山新,大原惠美,黎筱濛",高桥敦史,哆啦A梦：大雄的南极冰冰凉大冒险,"动画,冒险",https://p0.meituan.net/movie/f8518634d7357eca5496b7e7d690dca5760722.jpg@464w_644h_1e_1c,2017-05-30,8.6
7386万,"王霙,保剑锋,董勇,张一山",陈力,血战湘江,"剧情,战争,历史",https://p1.meituan.net/movie/0d3f773a10e60ea98b1bf34573d02d856663779.jpg@464w_644h_1e_1c,2017-06-30,9.1
314万,"董子健,李梦,李洋,尚铁龙",相国强,少年巴比伦,"剧情,喜剧,爱情",https://p1.meituan.net/movie/4ec62c782751384769be6e38ef9066879306567.jpg@464w_644h_1e_1c,2017-01-13,8.0
4020万,"艾瑞克·莎莫,艾丽·范宁,佟心竹,卡莉·蕾·杰普森",埃里克·韦林,了不起的菲丽西,"喜剧,动画,冒险",https://p1.meituan.net/movie/f885e601ccd912011725a8d7488633b7812258.jpg@464w_644h_1e_1c,2017-02-01,9.1
3872万,"曼迪·摩尔,克莱尔·霍尔特,马修·莫迪恩,圣地亚哥·瑟甘拉",约翰内斯·罗伯茨,鲨海,"惊悚,冒险",https://p0.meituan.net/movie/a0c797d7300f44cfccf7fe36dd3a5fd4100950.jpg@464w_644h_1e_1c,2017-12-08,7.1
581万,"罗翔,江兰萱,俞晓晔,马卉",邓安东,笔仙咒怨,"悬疑,惊悚",https://p0.meituan.net/movie/1c0865c735b207842b77b87cb68eba622115453.jpg@464w_644h_1e_1c,2017-12-01,5.1
5026万,"段奕宏,余男,王景春,成泰燊",常征,引爆者,"动作,犯罪",https://p1.meituan.net/movie/b0463d95e071532a4c5cd4eb4e8488631018469.jpg@464w_644h_1e_1c,2017-11-24,8.2
704万,"查理·汉纳姆,罗伯特·帕丁森,西耶娜·米勒,汤姆·赫兰德",詹姆斯·格雷,迷失Z城,"动作,冒险,传记",https://p0.meituan.net/movie/771d86af04b8d2ac9ee3999ba0815c79902502.jpg@464w_644h_1e_1c,2017-06-02,6.4
370万,"凯蒂·萨瓦,克瑞姆·柏辛,凯瑟琳·希金斯,陈钰芸",司徒永华,深宫怨灵,"恐怖,惊悚,悬疑",https://p1.meituan.net/movie/44db827a222e1432bafbe6ed39f17d07301335.jpg@464w_644h_1e_1c,2017-11-17,4.3
458万,"吴启华,麦家琪,章小军,房星彤",徐林,S的秘密,"喜剧,爱情",https://p0.meituan.net/movie/7b6dcb6dc72f33c30a5bed25bf73c72b301104.jpg@464w_644h_1e_1c,2017-07-20,8.0
473万,"陈浩民,薛佳凝,罗兰,王皓祯",张洋,借眼,"惊悚,悬疑,犯罪",https://p0.meituan.net/movie/04735afa65d36f4f8b4b9160d375794f5024084.jpg@464w_644h_1e_1c,2017-06-16,7.4
2616万,"朱茵,杜天皓,黄征,王志飞",戴玮,二次初恋,"喜剧,爱情,奇幻",https://p1.meituan.net/movie/564734b2e1665dc6227b2f8268c1d36d1024000.jpg@464w_644h_1e_1c,2017-08-31,8.4
336万,"宋晓宇,李垚,徐炜,葛平",李涛歌,大象林旺之一炮成名,"动作,动画,战争,冒险",https://p0.meituan.net/movie/9958a2b8139ee81a29467fdf28ed75f8291595.jpg@464w_644h_1e_1c,2017-08-04,8.7
2502万,"姜武,蒋勤勤,朱旭,李乃文",梁栋,完美有多美,"剧情,喜剧,奇幻",https://p1.meituan.net/movie/e58afcc6dde0cd08412607eda16ec5024452413.png@464w_644h_1e_1c,2017-02-17,7.2
1011万,"甘于晓雪,于博宁,杨祖青,尹大为",陈海帆,异兽来袭,"惊悚,科幻,灾难",https://p0.meituan.net/movie/79082e2601ae03efab71b62f27ad776b84877.jpg@464w_644h_1e_1c,2017-06-09,7.5
777万,"范伟,殷桃,张超,史依弘",梅峰,不成问题的问题,剧情,https://p1.meituan.net/movie/79bf2a025eee06a105d6a09376770e181364107.jpg@464w_644h_1e_1c,2017-11-21,8.1
3040万,"石磊,袁泽宇,芒来,季冠霖",王微,阿唐奇遇,"动画,冒险,家庭",https://p1.meituan.net/movie/e7415fcfaac2f50a755fe38dd6d9894d937103.jpg@464w_644h_1e_1c,2017-07-21,8.9
4476万,"古天乐,马丽,刘楚恬,黄星羱",陈木胜,喵星人,"喜剧,家庭,奇幻",https://p1.meituan.net/movie/0dc3be00bb030c6c871496ec74a168d52823468.jpg@464w_644h_1e_1c,2017-07-14,8.4
2.01亿,"杨幂,霍建华,金士杰,刘畅",尹鸿承,逆时营救,"动作,科幻",https://p0.meituan.net/movie/f724878e35ea40aca285b45ecd8b02631646793.jpg@464w_644h_1e_1c,2017-06-29,7.9
1.34亿,"李姝洁,皇贞季,山新,郝翔海",卢恒宇,十万个冷笑话2,"喜剧,动画,奇幻",https://p1.meituan.net/movie/48ca0035795cf431bb0b4971f37f49e41862020.jpg@464w_644h_1e_1c,2017-08-18,8.7
592万,"辉灿,何乙轩,周昕妤,郭亚菲",王俊潾,惊魂绣花鞋,"剧情,惊悚,悬疑",https://p0.meituan.net/movie/af2bb39ad95ffea3d38d573be79d7553964282.jpg@464w_644h_1e_1c,2017-03-03,5.7
681万,"张杨果而,孔琳,彭浩锋,李颖",邵进,一路绽放,剧情,https://p0.meituan.net/movie/0d3c8278dd23e14696ab4c28bbdb5021240675.jpg@464w_644h_1e_1c,2017-11-23,8.3
1.74亿,"曼迪·帕廷金,黛米·洛瓦托,雷恩·威尔森,乔·曼根尼罗",凯利·阿斯博瑞,蓝精灵：寻找神秘村,"动画,冒险,家庭",https://p1.meituan.net/movie/6fa181b782a72ff7cb1ef8aa874e1b7c998470.jpg@464w_644h_1e_1c,2017-04-21,9.0
3005万,"戴克·蒙哥马利,娜奥米·斯科特,林路迪,RJ·赛勒",迪恩·以色列特,超凡战队,"动作,冒险,科幻",https://p1.meituan.net/movie/ca0908547235313dc686c78dae4a2986319897.jpg@464w_644h_1e_1c,2017-05-12,7.5
6781万,"张晋,余文乐,文咏珊,吴樾",李子俊,狂兽,"剧情,动作,犯罪",https://p0.meituan.net/movie/fdf8d37852ddd13807fc3010546f86342371584.jpg@464w_644h_1e_1c,2017-11-10,7.8
4320万,"弗兰克·布里森,安吉拉·嘉鲁皮,张震,海伦·波斯瓦拉·乐卡克",让-弗朗索瓦·波略特,冰雪大作战,"动画,喜剧,家庭",https://p1.meituan.net/movie/f085eca9158e68ce447fc5d7e47f818c1877485.jpg@464w_644h_1e_1c,2017-04-01,8.3
1.36亿,"杰克·吉伦哈尔,丽贝卡·弗格森,瑞安·雷诺兹,真田广之",丹尼尔·伊斯皮诺萨,异星觉醒,"恐怖,惊悚,科幻",https://p0.meituan.net/movie/f64db2a44c9f2ff08dfe0dc87a0ebec4216347.jpg@464w_644h_1e_1c,2017-05-19,7.7
1791万,"郭德纲,于谦,岳云鹏,郭麒麟",张鹤栾,相声大电影之我要幸福,"剧情,喜剧",https://p1.meituan.net/movie/59a63e9266422d406a686e119329c086346221.jpg@464w_644h_1e_1c,2017-12-01,6.1
1033万,"韩平,白恩,吕星辰,赫子铭",廖希,捍卫者,"剧情,战争,历史",https://p1.meituan.net/movie/fcdcc5ea02c7a807fe85f1cee344d12d374721.jpg@464w_644h_1e_1c,2017-09-22,9.1
1827万,"张艾嘉,田壮壮,郎月婷,宋宁峰",张艾嘉,相爱相亲,"剧情,爱情,家庭",https://p1.meituan.net/movie/8b8a04b3b3ccc8da05800574115178723211760.jpg@464w_644h_1e_1c,2017-11-03,8.7
2555万,"李玉峰,高强,于月仙,王玉宁",谈宜之,忠爱无言,"剧情,家庭",https://p1.meituan.net/movie/609292d7d5db83c43f9c048c22c6aa6210795120.jpg@464w_644h_1e_1c,2017-06-09,9.2
547万,"陈柏霖,林允,张云龙,秦沛",王郢,假如王子睡着了,"喜剧,爱情",https://p1.meituan.net/movie/d30b6b3d2aaa2bb7be171110fc35aad7211550.jpg@464w_644h_1e_1c,2017-12-08,7.9
1015万,"李东学,迈克·泰森,安妮克·阿斯克渥德,李艾",檀冰,中国推销员,"剧情,动作,战争",https://p0.meituan.net/movie/4d91c9bead4549de76996ea6d2a5622a1479342.jpg@464w_644h_1e_1c,2017-06-16,8.0
6465万,"郭富城,王千源,刘涛,余皑磊",连奕琦,破·局,"动作,犯罪",https://p0.meituan.net/movie/8ce62d5f7b82a45e4bae4a40abc46d695108202.jpg@464w_644h_1e_1c,2017-08-17,8.4
30万,"田苹,水原碧衣,杨钧承,刘伟",童江南,神农溪之恋漂洋过海来爱你,"剧情,爱情",https://p1.meituan.net/movie/5d62815557f8b57787d2b762c63e2c303120628.jpg@464w_644h_1e_1c,2017-06-12,8.1
37万,"林家栋,陈静,孙耀威,张可颐",黄国辉,此情此刻,"剧情,爱情",https://p1.meituan.net/movie/7efa093f33b48de4e290373be7ef91ea3311727.jpg@464w_644h_1e_1c,2017-06-09,8.0
130万,"郑国霖,祁心蕊,十九号,程皓枫",李南,我是谁的宝贝,"剧情,犯罪,家庭",https://p1.meituan.net/movie/94c2e582973c4910998a2e6cc87d70283180929.jpg@464w_644h_1e_1c,2017-08-18,8.2
56万,"孙坚,陈燃,汪洋,王学敏",颢然,蜜月计划,"喜剧,爱情",https://p1.meituan.net/movie/a4f970e54d3cac5dea7b755631a5f75a589319.jpg@464w_644h_1e_1c,2017-09-08,6.8
377万,"陈圆,奇凌,郑文杰,黄菀乔",李斌,诡域新娘,"惊悚,恐怖",https://p1.meituan.net/movie/14d92b38e86d625b56c10a2520cf1497319917.jpg@464w_644h_1e_1c,2017-09-08,5.5
6685万,"张子栋,郭德纲,岳云鹏,张小斐",黎继强,欢乐喜剧人,喜剧,https://p1.meituan.net/movie/98a050574887d1aebc0d29b966e13d54338026.jpg@464w_644h_1e_1c,2017-03-24,4.7
1.56亿,"潘耀明,黄轩,段奕宏,祖峰",麦兆辉,非凡任务,"剧情,动作,犯罪",https://p1.meituan.net/movie/26312cde4f95e0b3da4ac11e23bcec88488859.jpg@464w_644h_1e_1c,2017-03-31,8.7
4.00亿,"刘德华,姜武,宋佳,姜皓文",邱礼涛,拆弹·专家,"动作,悬疑,犯罪",https://p0.meituan.net/movie/eaee349633b45cebf46785d6662a5e7b347918.jpg@464w_644h_1e_1c,2017-04-28,9.0
5.40亿,"成龙,皮尔斯·布鲁斯南,刘涛,梁佩诗",马丁·坎贝尔,英伦对决,"剧情,动作,犯罪",https://p1.meituan.net/movie/05ec92a334cf87585cf87a110d13a9d0454544.jpg@464w_644h_1e_1c,2017-09-30,8.4
4591万,"钟裕,易烊千玺,陈志荣,彭雨菲",陆锦明,猪猪侠之英雄猪少年,"喜剧,动画,奇幻",https://p1.meituan.net/movie/5a83c21d122278993b6e3140c096c81b320840.jpg@464w_644h_1e_1c,2017-01-07,8.6
2.16亿,"克里斯托夫·卢尔德莱,马修·麦康纳,大鹏,瑞茜·威瑟斯彭",加斯·詹宁斯,欢乐好声音,"喜剧,动画,音乐",https://p0.meituan.net/movie/2fed2c127078fcca08b075736bf7b69e454069.jpg@464w_644h_1e_1c,2017-02-17,9.2
4454万,"早见沙织,入野自由,松冈茉优,悠木碧",山田尚子,声之形,"剧情,爱情,动画",https://p1.meituan.net/movie/274fbf3f3cc53c18b258787db26bfe80230549.jpg@464w_644h_1e_1c,2017-09-08,8.3
8760万,"小连杀,图特哈蒙,金士杰,幽舞越山",不思凡,大护法,"动画,冒险,奇幻",https://p0.meituan.net/movie/bafdc10ffdaf2976ee6d06a3f3f60401411050.jpg@464w_644h_1e_1c,2017-07-13,8.3
6.26亿,"汤姆·克鲁斯,索菲亚·波多拉,罗素·克洛,安娜贝拉·弗朗西斯·沃丽丝",艾里克斯·库兹曼,新木乃伊,"动作,冒险,奇幻",https://p0.meituan.net/movie/ad40e244470aa90acffc84cc1dc49c6c259883.jpg@464w_644h_1e_1c,2017-06-09,7.1
6873万,"休·韦尔什曼,道格拉斯·布斯,赵天宇,罗伯特·古拉奇克",多洛塔·科别拉,至爱梵高·星空之谜,"剧情,动画,传记",https://p1.meituan.net/movie/7774a98ac4a813e1148b784b5cc687fc502963.jpg@464w_644h_1e_1c,2017-12-08,8.9
214万,"翁秀兰,惠英红,黄德斌,余秋瑶",陈鹏振,心惊胆战,"惊悚,恐怖,剧情",https://p1.meituan.net/movie/040db77878efddaa622da5c90aca3079393144.jpg@464w_644h_1e_1c,2017-01-20,4.5
2.30亿,"肯尼思·布拉纳,刘风,约翰尼·德普,王千源",肯尼思·布拉纳,东方快车谋杀案,"剧情,悬疑,犯罪",https://p1.meituan.net/movie/b9c78924c3fae35aede578624c27b8a9247701.jpg@464w_644h_1e_1c,2017-11-10,8.2
4.02亿,"王凯,张鲁一,林心如,叶祖新",苏有朋,嫌疑人x的献身,"剧情,爱情,悬疑",https://p0.meituan.net/movie/a84c9f0b81b9d29bffeb9dcad846f08f279182.jpg@464w_644h_1e_1c,2017-03-31,8.6
7696万,"瑞恩·高斯林,哈里森·福特,安娜·德·阿玛斯,杰瑞德·莱托",丹尼斯·维伦纽瓦,银翼杀手2049,"剧情,科幻,惊悚",https://p0.meituan.net/movie/eb88bcd56801d3094033f49bea85711a252019.jpg@464w_644h_1e_1c,2017-10-27,7.3
1.00亿,"杨培,尼玛扎堆,扎西达娃,色巴江措",张杨,冈仁波齐,剧情,https://p1.meituan.net/movie/ff35ea5d1cfa491fd1112152b5c5fb1b139318.jpg@464w_644h_1e_1c,2017-06-20,8.8
6.97亿,"黄智亨,彭于晏,倪妮,余文乐",郭子健,悟空传,"剧情,动作,奇幻",https://p0.meituan.net/movie/2ca95da964b8a051724d075ba5e07dec408283.jpg@464w_644h_1e_1c,2017-07-13,7.6
3.63亿,"吴君如,沈腾,岳云鹏,张译",吴君如,妖铃铃,"喜剧,恐怖",https://p1.meituan.net/movie/a56f7ddc991f6b658b9cfd36ff4196b7272900.jpg@464w_644h_1e_1c,2017-12-29,6.8
3262万,"狄龙,张国荣,周润发,朱宝意",吴宇森,英雄本色,"剧情,动作,犯罪",https://p0.meituan.net/movie/3e5f5f3aa4b7e5576521e26c2c7c894d253975.jpg@464w_644h_1e_1c,2017-11-17,9.2
2.71亿,"茱蒂蒙·琼查容苏因,依莎亚·贺苏汪,披纳若·苏潘平佑,查侬·散顶腾古",纳塔吾·彭皮里亚,天才枪手,"剧情,悬疑,犯罪",https://p0.meituan.net/movie/385a6d22c2f1ed563aa58594d56cee39955568.jpg@464w_644h_1e_1c,2017-10-13,8.8
3.19亿,"李晨,范冰冰,王千源,李佳航",李晨,空天猎,"动作,战争",https://p1.meituan.net/movie/5d8ab833a6ffb29d945ebcd4965c72db702436.jpg@464w_644h_1e_1c,2017-09-29,8.7
16.52亿,"周星驰,吴亦凡,林更新,姚晨",徐克,西游伏妖篇,"喜剧,动作,奇幻",https://p1.meituan.net/movie/27ab0e0edbf555f8cf32e0449238b454732043.jpg@464w_644h_1e_1c,2017-01-28,7.7
10.38亿,"凯尔·巴尔达,史蒂夫·卡瑞尔,克里斯汀·韦格,崔·帕克",皮埃尔·柯芬,神偷奶爸3,"喜剧,动画,冒险",https://p0.meituan.net/movie/e4aa7abb6ef5fbe695174063ac6cc0921246361.jpg@464w_644h_1e_1c,2017-07-07,8.8
7545万,"蔡卓妍,周柏豪,钟欣潼,卫诗雅",邱礼涛,原谅他77次,爱情,https://p0.meituan.net/movie/ac777fa3eb91a59ccc532dfa99f05d66386260.jpg@464w_644h_1e_1c,2017-06-23,8.5
6.07亿,"布丽特·罗伯森,乔什·加德,丹尼斯·奎德,佩吉·利普顿",拉斯·霍尔斯道姆,一条狗的使命,"剧情,喜剧,家庭",https://p1.meituan.net/movie/0ec2ddc2bed2bad93017aacc473be337387115.jpg@464w_644h_1e_1c,2017-03-03,8.9
1万,"金韬,涓子,王澜,周浩东",王景光,伊犁河谷,"剧情,爱情",https://p0.meituan.net/movie/1a3cc65e2c6caab041cb158c70605ae0147296.jpg@464w_644h_1e_1c,2017-07-07,7.0
470万,"张蓝艺,刘一辰,刘洛汐,林奕菲",摩撒利,通灵姐妹,"惊悚,恐怖",https://p1.meituan.net/movie/cd8e2634f8b984e9fa70d1b0483bb0461008575.jpg@464w_644h_1e_1c,2017-03-17,2.7
4.10亿,"戴恩·德哈恩,卡拉·迪瓦伊,克里夫·欧文,罗比恩·蕾哈娜·芬缇",吕克·贝松,星际特工：千星之城,"动作,冒险,科幻",https://p1.meituan.net/movie/06572946abbe9dff449b751f26e1f61e473657.jpg@464w_644h_1e_1c,2017-08-25,8.3
1.71亿,"毛银梅,何玉珍,李凤云,张先兔",郭柯,二十二,纪录片,https://p0.meituan.net/movie/3a4f9d6e3c48326d4ae4fe3ed8c973e1584222.jpg@464w_644h_1e_1c,2017-08-14,9.2
2717万,"段奕宏,江一燕,杜源,郑伟",董越,暴雪将至,"剧情,悬疑,犯罪",https://p1.meituan.net/movie/16657baa0d54d5c719f8e23744f7d9a8288315.jpg@464w_644h_1e_1c,2017-11-17,7.2
9176万,"钟少雄,郑恺,张雨绮,谢依霖",王晶,降魔传,"喜剧,奇幻",https://p1.meituan.net/movie/9c80c528f3cd023472f2fec77671211b1021404.jpg@464w_644h_1e_1c,2017-11-17,7.0
2.23亿,"王俊凯,迪丽热巴,董子健,李鸿其",韩杰,解忧杂货店,"剧情,奇幻",https://p0.meituan.net/movie/db47e843e77c5247380d7a0ad50d2f62303762.jpg@464w_644h_1e_1c,2017-12-29,8.5
5.21亿,"林永长,尚雯婕,鲍春来,曾舜晞",丁亮,熊出没·奇幻空间,"动画,冒险",https://p1.meituan.net/movie/0a92c6e3ec41ef584fa786f993499c7a426778.jpg@464w_644h_1e_1c,2017-01-28,9.1
4.77亿,"菲丽希缇·琼斯,迭戈·卢纳,艾伦·图代克,甄子丹",加里斯·爱德华斯,星球大战外传：侠盗一号,"动作,冒险,科幻",https://p0.meituan.net/movie/ef1bc6e7987fcb64558d11cadb86b3be687974.jpg@464w_644h_1e_1c,2017-01-06,8.0
1.73亿,"马里奥·卡萨斯,阿娜·瓦格纳,何塞·科罗纳多,芭芭拉·蓝妮",奥里奥尔·保罗,看不见的客人,"犯罪,悬疑,惊悚",https://p1.meituan.net/movie/45a9dfd545596669fc742bca0d3dc5512642616.jpg@464w_644h_1e_1c,2017-09-15,9.4
2565万,"松本梨香,大谷育江,市川染五郎,牧口真幸",汤山邦彦,精灵宝可梦：波尔凯尼恩与机巧的玛机雅娜,"动画,冒险,奇幻",https://p0.meituan.net/movie/11d57448429619b6344d53aae65c87c4304153.jpg@464w_644h_1e_1c,2017-11-11,8.4
4.59亿,"大鹏,乔杉,古力娜扎,李鸿其",大鹏,缝纫机乐队,"剧情,喜剧,音乐",https://p1.meituan.net/movie/cff7012c0cc944b27c9bba352a785e8e358408.jpg@464w_644h_1e_1c,2017-09-29,9.3
10.46亿,"邓超,彭于晏,赵丽颖,高华阳",韩寒,乘风破浪,"剧情,喜剧,冒险",https://p0.meituan.net/movie/9654e93e59cd1cec269d9078d9cf4b99289750.jpg@464w_644h_1e_1c,2017-01-28,8.7
5.77亿,"关智耀,甄子丹,刘德华,姜皓文",王晶,追龙,"动作,犯罪",https://p1.meituan.net/movie/82216ba6e2affdf84f134b4b03243c32273376.jpg@464w_644h_1e_1c,2017-09-30,9.0
137万,"庄鹃瑛,林忠谕,陈玫希,姜圣民",魏德圣,52赫兹，我爱你,"爱情,音乐",https://p0.meituan.net/movie/dcb2b8b44ad4feed56d87ff69233ebae372632.jpg@464w_644h_1e_1c,2017-06-16,6.8
166万,"赵东昊,欧阳鑫紫,李璐兵,徐珊珊",蒋国权,诡异酒楼,惊悚,https://p0.meituan.net/movie/8a5e0fd7dfe7eb5a51cecb65919c1103249408.jpg@464w_644h_1e_1c,2017-05-26,4.9
50万,"章俊夫,昆凌,钱枫,蒲巴甲",王凯阳,梦幻佳期,爱情,https://p1.meituan.net/movie/914e98e1d6e3594f0eb24f660a1549af812946.jpg@464w_644h_1e_1c,2017-06-09,6.1
354万,"蒂尔·施威格,马提亚斯·施维赫夫,扬·约瑟夫·利费斯,米夏埃尔·赫尔比希",沃尔夫冈·彼德森,夺金四贱客,"喜剧,犯罪",https://p0.meituan.net/movie/57dba27e4361f64e57385597caf8ba43917643.jpg@464w_644h_1e_1c,2017-12-01,7.9
268万,"姚雨鑫,谢容儿,薇拉贝儿,曲馨雅",陆诗雷,怨灵宿舍之白纸女生,惊悚,https://p1.meituan.net/movie/e9bcbdaa1ac65306fed0f139c72e0f3c985764.jpg@464w_644h_1e_1c,2017-04-01,5.4
21万,"马可,李毓芬,张思帆,游游",张显,请勿靠近,"惊悚,悬疑,冒险",https://p0.meituan.net/movie/2b469422d6602095f6fc36930f3ad16b2074181.jpg@464w_644h_1e_1c,2017-09-22,6.6
91万,"李果,闫鹿杨,朱洪振,谢钟灵",戴维,谜域之噬魂岭,"惊悚,悬疑,科幻",https://p1.meituan.net/movie/0ba9cfec47dddbd64d349277f14a8268384294.jpg@464w_644h_1e_1c,2017-07-21,4.2
17万,"王宁,葛天,来喜,黄一飞",袁杰,咸鱼传奇,喜剧,https://p1.meituan.net/movie/f808d2e9cf3737683dd2c21354c354071761645.jpg@464w_644h_1e_1c,2017-05-05,6.0
12万,"周鹏雨,穆建荣,陈泽帆,鹿露",闫国喜,原罪的羔羊,悬疑,https://p1.meituan.net/movie/62270c92c75d2c8c667f499a4b661a1862683.jpg@464w_644h_1e_1c,2017-08-04,2.6
212万,"景珂,樊昊仑,上白,周韵茹",樊昊仑,你在哪,"剧情,悬疑,犯罪",https://p0.meituan.net/movie/5c8ae0cf28ad870122b5d09cf09873621819802.jpg@464w_644h_1e_1c,2017-11-30,7.8
84万,"博尔吉特,巴多,李雨秦,李东艾",牟天翔,炸裂青春,"剧情,运动",https://p1.meituan.net/movie/cc5b54053939b77a82ed8cb4e7dbfd8979993.jpg@464w_644h_1e_1c,2017-11-24,7.2
387万,"劳米·拉佩斯,奥兰多·布鲁姆,托妮·科莱特,约翰·马尔科维奇",迈克尔·艾普特,惊天解密,"动作,悬疑,惊悚",https://p0.meituan.net/movie/173e51a63179d0d4dcfdc24ada17c0c9372698.jpg@464w_644h_1e_1c,2017-09-22,7.7
491万,"刘松仁,吕星辰,吴俊余,王厦",吕列,20:16,剧情,https://p1.meituan.net/movie/807d9281dcdbb3017b82a94110959173199293.jpg@464w_644h_1e_1c,2017-05-18,8.3
59万,"李扬武,胡婷,周微,孟雨田",李杨武,蛋计划,"喜剧,动画,冒险",https://p0.meituan.net/movie/ebe37beaeabc99c9783b40c1072c7c3b249590.jpg@464w_644h_1e_1c,2017-01-20,7.8
38万,"何伟斌,石雨晴,古铭瀚,谢璞婉",李柯,纹身师,"爱情,惊悚,悬疑",https://p0.meituan.net/movie/032bb01c7869b2aff3cdb5ed50aec77b150274.jpg@464w_644h_1e_1c,2017-09-15,7.0
44万,"张敬轩,郝蕾,林雪",陈果,灿烂这一刻,"剧情,家庭",https://p0.meituan.net/movie/8e82fa6929389af6a01796df40650527256091.jpg@464w_644h_1e_1c,2017-11-24,8.4
142万,"胡弦,庄崧冽,毛继鸿,钱小华",施秋荣,内心引力,纪录片,https://p1.meituan.net/movie/cc6235346ccff6e0036bd25c1fa6283d287546.jpg@464w_644h_1e_1c,2017-06-10,8.5
155万,"罗翔,陈美行,彭波,于新博",邢博,画室惊魂,"恐怖,惊悚",https://p1.meituan.net/movie/ea9e7babe3c5f8f88bafda476bd5f816366297.jpg@464w_644h_1e_1c,2017-09-21,2.9
377万,"王千源,余男,南宫珉,潘斌龙",夏钢,夜色撩人,"剧情,悬疑,犯罪",https://p0.meituan.net/movie/f154e7c5b07b659274f5f6cef8c2046f941755.jpg@464w_644h_1e_1c,2017-03-10,5.6
17万,"露丝·布莱德利,巴里·沃德,利亚姆·坎宁安,欧文·沃尔",保罗·名士,追击,"动作,犯罪",https://p0.meituan.net/movie/6ba0abf2baf9a1254436aeff75af2f9b359044.jpg@464w_644h_1e_1c,2017-09-15,7.2
307万,"山新,乔诗语,李姗姗,胡越",刘可欣,超能龙骑侠,"动画,冒险,科幻",https://p1.meituan.net/movie/72e473421c5304a7fd2f9f0abbac67021550343.jpg@464w_644h_1e_1c,2017-01-13,8.5
147万,马元,董大可,功夫小兔侠,"喜剧,动画",https://p0.meituan.net/movie/a3d4fbe68247932aa73cf0ce7a55c56d353883.jpg@464w_644h_1e_1c,2017-06-01,8.1
